{
    "expand": "description,lead,url,projectKeys",
    "self": "https://jira.oodrive.net/rest/api/2/project/12655",
    "id": "12655",
    "key": "POSTF",
    "description": "",
    "lead": {
        "self": "https://jira.oodrive.net/rest/api/2/user?username=b.louarn",
        "key": "b.louarn",
        "name": "b.louarn",
        "avatarUrls": { "16x16": "https://jira.oodrive.net/secure/useravatar?size=xsmall&avatarId=10120", "24x24": "https://jira.oodrive.net/secure/useravatar?size=small&avatarId=10120", "32x32": "https://jira.oodrive.net/secure/useravatar?size=medium&avatarId=10120", "48x48": "https://jira.oodrive.net/secure/useravatar?avatarId=10120" },
        "displayName": "Beatrice Louarn",
        "active": true
    },
    "components": [{ "self": "https://jira.oodrive.net/rest/api/2/component/14423", "id": "14423", "name": "Activités", "description": "Flux d'activité + activité d'un item", "isAssigneeTypeValid": false },
        {
            "self": "https://jira.oodrive.net/rest/api/2/component/15279",
            "id": "15279",
            "name": "Alarmes",
            "isAssigneeTypeValid": false
        },
        {
            "self": "https://jira.oodrive.net/rest/api/2/component/14757",
            "id": "14757",
            "name": "Applications Clientes Oodrive",
            "isAssigneeTypeValid": false
        },
        {
            "self": "https://jira.oodrive.net/rest/api/2/component/14424",
            "id": "14424",
            "name": "Authentification",
            "isAssigneeTypeValid": false
        },
        { "self": "https://jira.oodrive.net/rest/api/2/component/14522", "id": "14522", "name": "Black Team", "isAssigneeTypeValid": false },
        { "self": "https://jira.oodrive.net/rest/api/2/component/14740", "id": "14740", "name": "Boîte de dépôt", "isAssigneeTypeValid": false },
        { "self": "https://jira.oodrive.net/rest/api/2/component/14521", "id": "14521", "name": "Carnet d'adresses", "isAssigneeTypeValid": false },
        { "self": "https://jira.oodrive.net/rest/api/2/component/14427", "id": "14427", "name": "Centre de transfert", "isAssigneeTypeValid": false },
        { "self": "https://jira.oodrive.net/rest/api/2/component/14426", "id": "14426", "name": "Corbeille", "isAssigneeTypeValid": false },
        { "self": "https://jira.oodrive.net/rest/api/2/component/14428", "id": "14428", "name": "Emails", "isAssigneeTypeValid": false },
        { "self": "https://jira.oodrive.net/rest/api/2/component/14425", "id": "14425", "name": "Explorateur", "description": "Browsing, upload & download des fichiers", "isAssigneeTypeValid": false },
        { "self": "https://jira.oodrive.net/rest/api/2/component/14751", "id": "14751", "name": "GreenTeam", "isAssigneeTypeValid": false },
        { "self": "https://jira.oodrive.net/rest/api/2/component/14729", "id": "14729", "name": "Lock", "isAssigneeTypeValid": false },
        { "self": "https://jira.oodrive.net/rest/api/2/component/14531", "id": "14531", "name": "Notifications", "isAssigneeTypeValid": false },
        { "self": "https://jira.oodrive.net/rest/api/2/component/14422", "id": "14422", "name": "Partage Classique", "description": "Création / Modification / Accès à un partage", "isAssigneeTypeValid": false },
        { "self": "https://jira.oodrive.net/rest/api/2/component/14532", "id": "14532", "name": "Partage Collaboratif", "isAssigneeTypeValid": false },
        { "self": "https://jira.oodrive.net/rest/api/2/component/14724", "id": "14724", "name": "Performance", "description": "Performance", "isAssigneeTypeValid": false },
        { "self": "https://jira.oodrive.net/rest/api/2/component/15277", "id": "15277", "name": "Permissions", "isAssigneeTypeValid": false },
        { "self": "https://jira.oodrive.net/rest/api/2/component/15950", "id": "15950", "name": "Projecteurs", "isAssigneeTypeValid": false },
        { "self": "https://jira.oodrive.net/rest/api/2/component/14741", "id": "14741", "name": "Recherche par nom", "isAssigneeTypeValid": false },
        { "self": "https://jira.oodrive.net/rest/api/2/component/14434", "id": "14434", "name": "Régression", "isAssigneeTypeValid": false },
        { "self": "https://jira.oodrive.net/rest/api/2/component/15822", "id": "15822", "name": "Sécurité", "isAssigneeTypeValid": false },
        { "self": "https://jira.oodrive.net/rest/api/2/component/14658", "id": "14658", "name": "Website", "isAssigneeTypeValid": false },
        { "self": "https://jira.oodrive.net/rest/api/2/component/14321", "id": "14321", "name": "Websocket", "isAssigneeTypeValid": false }
    ],
    "issueTypes": [
        { "self": "https://jira.oodrive.net/rest/api/2/issuetype/24", "id": "24", "description": "Nouveauté, nouvelle fonction ou nouveau module", "iconUrl": "https://jira.oodrive.net/images/icons/issuetypes/health.png", "name": "Nouveauté", "subtask": false },
        { "self": "https://jira.oodrive.net/rest/api/2/issuetype/23", "id": "23", "description": "Amélioration des fonctionalités existantes ", "iconUrl": "https://jira.oodrive.net/secure/viewavatar?size=xsmall&avatarId=14730&avatarType=issuetype", "name": "Amélioration", "subtask": false, "avatarId": 14730 },
        { "self": "https://jira.oodrive.net/rest/api/2/issuetype/1", "id": "1", "description": "Bug ou dysfonctionnement détecté en externe", "iconUrl": "https://jira.oodrive.net/images/icons/bug.png", "name": "Anomalie", "subtask": false },
        { "self": "https://jira.oodrive.net/rest/api/2/issuetype/17", "id": "17", "description": "Débogage d'application en recette interne", "iconUrl": "https://jira.oodrive.net/images/icons/bug_delete.png", "name": "Anomalie interne", "subtask": false },
        { "self": "https://jira.oodrive.net/rest/api/2/issuetype/42", "id": "42", "description": "Amélioration non fonctionnelle, pas d'impact client visible, à la discrétion des chefs de pôle", "iconUrl": "https://jira.oodrive.net/images/icons/wrench.png", "name": "Amélioration technique", "subtask": false },
        { "self": "https://jira.oodrive.net/rest/api/2/issuetype/27", "id": "27", "description": "Une tâche technique.", "iconUrl": "https://jira.oodrive.net/images/icons/issuetypes/task_agile.png", "name": "Tâche technique", "subtask": true },
        { "self": "https://jira.oodrive.net/rest/api/2/issuetype/29", "id": "29", "description": "Anomalie sur une évolution sous forme de sous-tâche", "iconUrl": "https://jira.oodrive.net/images/icons/issuetypes/exclamation.png", "name": "Anomalie ST", "subtask": true },
        { "self": "https://jira.oodrive.net/rest/api/2/issuetype/25", "id": "25", "description": "gh.issue.epic.desc", "iconUrl": "https://jira.oodrive.net/images/icons/issuetypes/epic.png", "name": "Épopée", "subtask": false },
        { "self": "https://jira.oodrive.net/rest/api/2/issuetype/49", "id": "49", "description": "", "iconUrl": "https://jira.oodrive.net/images/icons/heart.png", "name": "Nouveauté interne", "subtask": false },
        { "self": "https://jira.oodrive.net/rest/api/2/issuetype/50", "id": "50", "description": "", "iconUrl": "https://jira.oodrive.net/secure/viewavatar?size=xsmall&avatarId=14731&avatarType=issuetype", "name": "Amélioration interne", "subtask": false, "avatarId": 14731 },
        { "self": "https://jira.oodrive.net/rest/api/2/issuetype/61", "id": "61", "description": "Auto", "iconUrl": "https://jira.oodrive.net/images/icons/issuetypes/defect.png", "name": "Auto", "subtask": false },
        { "self": "https://jira.oodrive.net/rest/api/2/issuetype/45", "id": "45", "description": "This Issue Type is used to create Zephyr Test within Jira.", "iconUrl": "https://jira.oodrive.net/download/resources/com.thed.zephyr.je/images/icons/ico_zephyr_issuetype.png", "name": "Test", "subtask": false }
    ],
    "assigneeType": "UNASSIGNED",
    "versions": [
        { "self": "https://jira.oodrive.net/rest/api/2/version/16647", "id": "16647", "name": "0.0.2", "archived": false, "released": true, "releaseDate": "2015-08-27", "userReleaseDate": "27/08/15", "projectId": 12655 },
        { "self": "https://jira.oodrive.net/rest/api/2/version/18228", "id": "18228", "name": "0.0.3", "archived": false, "released": true, "startDate": "2015-08-14", "releaseDate": "2015-09-15", "userStartDate": "14/08/15", "userReleaseDate": "15/09/15", "projectId": 12655 },
        { "self": "https://jira.oodrive.net/rest/api/2/version/18258", "id": "18258", "name": "0.0.4", "archived": false, "released": true, "startDate": "2015-09-15", "releaseDate": "2015-10-20", "userStartDate": "15/09/15", "userReleaseDate": "20/10/15", "projectId": 12655 },
        { "self": "https://jira.oodrive.net/rest/api/2/version/18444", "id": "18444", "name": "0.0.5", "archived": false, "released": true, "startDate": "2015-10-20", "userStartDate": "20/10/15", "projectId": 12655 },
        { "self": "https://jira.oodrive.net/rest/api/2/version/18604", "id": "18604", "name": "0.0.5.1", "archived": false, "released": true, "startDate": "2016-01-25", "releaseDate": "2016-01-29", "userStartDate": "25/01/16", "userReleaseDate": "29/01/16", "projectId": 12655 },
        { "self": "https://jira.oodrive.net/rest/api/2/version/18479", "id": "18479", "name": "0.0.6", "archived": false, "released": true, "startDate": "2015-11-18", "releaseDate": "2016-02-17", "userStartDate": "18/11/15", "userReleaseDate": "17/02/16", "projectId": 12655 },
        { "self": "https://jira.oodrive.net/rest/api/2/version/18669", "id": "18669", "name": "0.0.7", "archived": false, "released": true, "startDate": "2016-02-15", "releaseDate": "2016-03-31", "userStartDate": "15/02/16", "userReleaseDate": "31/03/16", "projectId": 12655 },
        { "self": "https://jira.oodrive.net/rest/api/2/version/18752", "id": "18752", "name": "0.0.8", "archived": false, "released": true, "startDate": "2016-03-15", "releaseDate": "2016-04-29", "userStartDate": "15/03/16", "userReleaseDate": "29/04/16", "projectId": 12655 },
        { "self": "https://jira.oodrive.net/rest/api/2/version/18753", "id": "18753", "name": "0.0.9", "archived": false, "released": true, "startDate": "2016-04-13", "releaseDate": "2016-06-02", "userStartDate": "13/04/16", "userReleaseDate": "02/06/16", "projectId": 12655 },
        { "self": "https://jira.oodrive.net/rest/api/2/version/19035", "id": "19035", "name": "0.0.10", "archived": false, "released": true, "startDate": "2016-05-18", "releaseDate": "2016-05-30", "userStartDate": "18/05/16", "userReleaseDate": "30/05/16", "projectId": 12655 },
        { "self": "https://jira.oodrive.net/rest/api/2/version/19049", "id": "19049", "name": "0.0.11", "archived": false, "released": true, "releaseDate": "2016-06-28", "userReleaseDate": "28/06/16", "projectId": 12655 },
        { "self": "https://jira.oodrive.net/rest/api/2/version/19090", "id": "19090", "name": "0.1.0", "archived": false, "released": true, "startDate": "2016-07-18", "releaseDate": "2016-09-28", "userStartDate": "18/07/16", "userReleaseDate": "28/09/16", "projectId": 12655 },
        { "self": "https://jira.oodrive.net/rest/api/2/version/19126", "id": "19126", "name": "0.2.0", "archived": false, "released": true, "startDate": "2016-08-16", "releaseDate": "2017-01-03", "userStartDate": "16/08/16", "userReleaseDate": "03/01/17", "projectId": 12655 },
        { "self": "https://jira.oodrive.net/rest/api/2/version/19625", "id": "19625", "name": "1.0.0", "archived": false, "released": true, "startDate": "2016-09-16", "releaseDate": "2017-01-03", "userStartDate": "16/09/16", "userReleaseDate": "03/01/17", "projectId": 12655 },
        { "self": "https://jira.oodrive.net/rest/api/2/version/20021", "id": "20021", "name": "1.1.0", "archived": false, "released": true, "startDate": "2016-10-27", "releaseDate": "2016-12-22", "userStartDate": "27/10/16", "userReleaseDate": "22/12/16", "projectId": 12655 },
        { "self": "https://jira.oodrive.net/rest/api/2/version/20254", "id": "20254", "name": "1.1.1", "archived": false, "released": true, "startDate": "2016-12-26", "releaseDate": "2017-01-10", "userStartDate": "26/12/16", "userReleaseDate": "10/01/17", "projectId": 12655 },
        { "self": "https://jira.oodrive.net/rest/api/2/version/20322", "id": "20322", "name": "1.1.2", "archived": false, "released": false, "startDate": "2017-01-03", "releaseDate": "2017-01-16", "overdue": true, "userStartDate": "03/01/17", "userReleaseDate": "16/01/17", "projectId": 12655 },
        { "self": "https://jira.oodrive.net/rest/api/2/version/20148", "id": "20148", "name": "1.2.0", "archived": false, "released": false, "startDate": "2016-12-06", "releaseDate": "2017-01-30", "overdue": true, "userStartDate": "06/12/16", "userReleaseDate": "30/01/17", "projectId": 12655 },
        { "self": "https://jira.oodrive.net/rest/api/2/version/20344", "id": "20344", "name": "1.3.0", "archived": false, "released": false, "projectId": 12655 },
        { "self": "https://jira.oodrive.net/rest/api/2/version/20345", "id": "20345", "name": "1.4.0", "archived": false, "released": false, "projectId": 12655 }
    ],
    "name": "Postfiles V5",
    "roles": { "Developpeur observateur": "https://jira.oodrive.net/rest/api/2/project/12655/role/10020", "Developers": "https://jira.oodrive.net/rest/api/2/project/12655/role/10001", "Observateur interne du projet": "https://jira.oodrive.net/rest/api/2/project/12655/role/10008", "project-reports-viewer": "https://jira.oodrive.net/rest/api/2/project/12655/role/10010", "Client interne": "https://jira.oodrive.net/rest/api/2/project/12655/role/10003", "Administrators": "https://jira.oodrive.net/rest/api/2/project/12655/role/10002", "Membre du projet": "https://jira.oodrive.net/rest/api/2/project/12655/role/10006", "Users": "https://jira.oodrive.net/rest/api/2/project/12655/role/10000", "Responsable test projet": "https://jira.oodrive.net/rest/api/2/project/12655/role/10007", "Client externe": "https://jira.oodrive.net/rest/api/2/project/12655/role/10009", "Responsable projet": "https://jira.oodrive.net/rest/api/2/project/12655/role/10005", "Tempo Project Managers": "https://jira.oodrive.net/rest/api/2/project/12655/role/10030" },
    "avatarUrls": { "48x48": "https://jira.oodrive.net/secure/projectavatar?pid=12655&avatarId=12031", "24x24": "https://jira.oodrive.net/secure/projectavatar?size=small&pid=12655&avatarId=12031", "16x16": "https://jira.oodrive.net/secure/projectavatar?size=xsmall&pid=12655&avatarId=12031", "32x32": "https://jira.oodrive.net/secure/projectavatar?size=medium&pid=12655&avatarId=12031" },
    "projectCategory": { "self": "https://jira.oodrive.net/rest/api/2/projectCategory/10040", "id": "10040", "name": "Partage", "description": "les projets liés à easyshare" },
    "projectTypeKey": "software"
}