{
    "expand": "description,lead,url,projectKeys",
    "self": "https://jira.oodrive.net/rest/api/2/project/12656",
    "id": "12656",
    "key": "WEBSYNPROB",
    "description": "",
    "lead": {
        "self": "https://jira.oodrive.net/rest/api/2/user?username=a.bchini",
        "key": "a.bchini",
        "name": "a.bchini",
        "avatarUrls": { "16x16": "https://jira.oodrive.net/secure/useravatar?size=xsmall&avatarId=10142", "24x24": "https://jira.oodrive.net/secure/useravatar?size=small&avatarId=10142", "32x32": "https://jira.oodrive.net/secure/useravatar?size=medium&avatarId=10142", "48x48": "https://jira.oodrive.net/secure/useravatar?avatarId=10142" },
        "displayName": "Abderrazak Bchini",
        "active": true
    },
    "components": [
        { "self": "https://jira.oodrive.net/rest/api/2/component/13967", "id": "13967", "name": "MAC", "isAssigneeTypeValid": false },
        { "self": "https://jira.oodrive.net/rest/api/2/component/13966", "id": "13966", "name": "PC", "isAssigneeTypeValid": false }
    ],
    "issueTypes": [
        { "self": "https://jira.oodrive.net/rest/api/2/issuetype/1", "id": "1", "description": "Bug ou dysfonctionnement détecté en externe", "iconUrl": "https://jira.oodrive.net/images/icons/bug.png", "name": "Anomalie", "subtask": false },
        { "self": "https://jira.oodrive.net/rest/api/2/issuetype/2", "id": "2", "description": "Nouvelle fonctionnalité, développement sur mesure", "iconUrl": "https://jira.oodrive.net/images/icons/cart.png", "name": "Nouveau dev", "subtask": false },
        { "self": "https://jira.oodrive.net/rest/api/2/issuetype/6", "id": "6", "description": "Détail d'une tâche de développement", "iconUrl": "https://jira.oodrive.net/images/icons/cart_delete.png", "name": "Nouveau dev - Sous-tâche", "subtask": true },
        { "self": "https://jira.oodrive.net/rest/api/2/issuetype/17", "id": "17", "description": "Débogage d'application en recette interne", "iconUrl": "https://jira.oodrive.net/images/icons/bug_delete.png", "name": "Anomalie interne", "subtask": false },
        { "self": "https://jira.oodrive.net/rest/api/2/issuetype/18", "id": "18", "description": "Réunions, avant-vente, coordination, études...", "iconUrl": "https://jira.oodrive.net/images/icons/user_suit.png", "name": "Fonctionnel", "subtask": false },
        { "self": "https://jira.oodrive.net/rest/api/2/issuetype/20", "id": "20", "description": "Tâche technique récurrente", "iconUrl": "https://jira.oodrive.net/images/icons/arrow_refresh.png", "name": "Récurrent", "subtask": false },
        { "self": "https://jira.oodrive.net/rest/api/2/issuetype/21", "id": "21", "description": "Tâche de la QA", "iconUrl": "https://jira.oodrive.net/images/icons/zoom.png", "name": "TestQA", "subtask": false },
        { "self": "https://jira.oodrive.net/rest/api/2/issuetype/22", "id": "22", "description": "Unité de test au sein d'une batterie de test QA", "iconUrl": "https://jira.oodrive.net/images/icons/zoom_out.png", "name": "Test élémentaire", "subtask": true },
        { "self": "https://jira.oodrive.net/rest/api/2/issuetype/23", "id": "23", "description": "Amélioration des fonctionalités existantes ", "iconUrl": "https://jira.oodrive.net/secure/viewavatar?size=xsmall&avatarId=14730&avatarType=issuetype", "name": "Amélioration", "subtask": false, "avatarId": 14730 },
        { "self": "https://jira.oodrive.net/rest/api/2/issuetype/24", "id": "24", "description": "Nouveauté, nouvelle fonction ou nouveau module", "iconUrl": "https://jira.oodrive.net/images/icons/issuetypes/health.png", "name": "Nouveauté", "subtask": false },
        { "self": "https://jira.oodrive.net/rest/api/2/issuetype/25", "id": "25", "description": "gh.issue.epic.desc", "iconUrl": "https://jira.oodrive.net/images/icons/issuetypes/epic.png", "name": "Épopée", "subtask": false },
        { "self": "https://jira.oodrive.net/rest/api/2/issuetype/26", "id": "26", "description": "gh.issue.story.desc", "iconUrl": "https://jira.oodrive.net/images/icons/issuetypes/health.png", "name": "Récit", "subtask": false },
        { "self": "https://jira.oodrive.net/rest/api/2/issuetype/27", "id": "27", "description": "Une tâche technique.", "iconUrl": "https://jira.oodrive.net/images/icons/issuetypes/task_agile.png", "name": "Tâche technique", "subtask": true },
        { "self": "https://jira.oodrive.net/rest/api/2/issuetype/28", "id": "28", "description": "un ensemble de nouvelles fonctionnalités", "iconUrl": "https://jira.oodrive.net/secure/viewavatar?size=xsmall&avatarId=14734&avatarType=issuetype", "name": "Thème - nouveauté", "subtask": false, "avatarId": 14734 },
        { "self": "https://jira.oodrive.net/rest/api/2/issuetype/29", "id": "29", "description": "Anomalie sur une évolution sous forme de sous-tâche", "iconUrl": "https://jira.oodrive.net/images/icons/issuetypes/exclamation.png", "name": "Anomalie ST", "subtask": true },
        { "self": "https://jira.oodrive.net/rest/api/2/issuetype/30", "id": "30", "description": "", "iconUrl": "https://jira.oodrive.net/images/icons/emoticon_waii.png", "name": "Projet", "subtask": false },
        { "self": "https://jira.oodrive.net/rest/api/2/issuetype/31", "id": "31", "description": "", "iconUrl": "https://jira.oodrive.net/images/icons/basket.png", "name": "Specification", "subtask": true },
        { "self": "https://jira.oodrive.net/rest/api/2/issuetype/32", "id": "32", "description": "", "iconUrl": "https://jira.oodrive.net/images/icons/money_dollar.png", "name": "Chiffrage", "subtask": true },
        { "self": "https://jira.oodrive.net/rest/api/2/issuetype/33", "id": "33", "description": "", "iconUrl": "https://jira.oodrive.net/images/icons/keyboard.png", "name": "Développement", "subtask": true },
        { "self": "https://jira.oodrive.net/rest/api/2/issuetype/34", "id": "34", "description": "", "iconUrl": "https://jira.oodrive.net/images/icons/zoom.png", "name": "Tests", "subtask": true },
        { "self": "https://jira.oodrive.net/rest/api/2/issuetype/35", "id": "35", "description": "", "iconUrl": "https://jira.oodrive.net/images/icons/heart.png", "name": "Validation", "subtask": true },
        { "self": "https://jira.oodrive.net/rest/api/2/issuetype/37", "id": "37", "description": "Documentation", "iconUrl": "https://jira.oodrive.net/images/icons/issuetypes/documentation.png", "name": "Documentation-ST", "subtask": true },
        { "self": "https://jira.oodrive.net/rest/api/2/issuetype/38", "id": "38", "description": "", "iconUrl": "https://jira.oodrive.net/images/icons/lorry.png", "name": "Déploiement", "subtask": true },
        { "self": "https://jira.oodrive.net/rest/api/2/issuetype/39", "id": "39", "description": "", "iconUrl": "https://jira.oodrive.net/images/icons/sitemap_color.png", "name": "Environnement", "subtask": false },
        { "self": "https://jira.oodrive.net/rest/api/2/issuetype/40", "id": "40", "description": "", "iconUrl": "https://jira.oodrive.net/images/icons/tools_20.png", "name": "Domaine", "subtask": true },
        { "self": "https://jira.oodrive.net/rest/api/2/issuetype/41", "id": "41", "description": "", "iconUrl": "https://jira.oodrive.net/images/icons/database.png", "name": "Machine", "subtask": true },
        { "self": "https://jira.oodrive.net/rest/api/2/issuetype/42", "id": "42", "description": "Amélioration non fonctionnelle, pas d'impact client visible, à la discrétion des chefs de pôle", "iconUrl": "https://jira.oodrive.net/images/icons/wrench.png", "name": "Amélioration technique", "subtask": false },
        { "self": "https://jira.oodrive.net/rest/api/2/issuetype/45", "id": "45", "description": "This Issue Type is used to create Zephyr Test within Jira.", "iconUrl": "https://jira.oodrive.net/download/resources/com.thed.zephyr.je/images/icons/ico_zephyr_issuetype.png", "name": "Test", "subtask": false },
        { "self": "https://jira.oodrive.net/rest/api/2/issuetype/48", "id": "48", "description": "", "iconUrl": "https://jira.oodrive.net/images/icons/issuetypes/documentation.png", "name": "Documentation technique", "subtask": false },
        { "self": "https://jira.oodrive.net/rest/api/2/issuetype/49", "id": "49", "description": "", "iconUrl": "https://jira.oodrive.net/images/icons/heart.png", "name": "Nouveauté interne", "subtask": false }, { "self": "https://jira.oodrive.net/rest/api/2/issuetype/50", "id": "50", "description": "", "iconUrl": "https://jira.oodrive.net/secure/viewavatar?size=xsmall&avatarId=14731&avatarType=issuetype", "name": "Amélioration interne", "subtask": false, "avatarId": 14731 },
        { "self": "https://jira.oodrive.net/rest/api/2/issuetype/51", "id": "51", "description": "", "iconUrl": "https://jira.oodrive.net/images/icons/issuetypes/documentation.png", "name": "Documentation", "subtask": false },
        { "self": "https://jira.oodrive.net/rest/api/2/issuetype/52", "id": "52", "description": "", "iconUrl": "https://jira.oodrive.net/images/icons/issuetypes/defect.png", "name": "Formation", "subtask": false },
        { "self": "https://jira.oodrive.net/rest/api/2/issuetype/53", "id": "53", "description": "", "iconUrl": "https://jira.oodrive.net/secure/viewavatar?size=xsmall&avatarId=14720&avatarType=issuetype", "name": "Traduction", "subtask": false, "avatarId": 14720 },
        { "self": "https://jira.oodrive.net/rest/api/2/issuetype/54", "id": "54", "description": "", "iconUrl": "https://jira.oodrive.net/secure/viewavatar?size=xsmall&avatarId=14734&avatarType=issuetype", "name": "Salesforce", "subtask": false, "avatarId": 14734 },
        { "self": "https://jira.oodrive.net/rest/api/2/issuetype/55", "id": "55", "description": "", "iconUrl": "https://jira.oodrive.net/secure/viewavatar?size=xsmall&avatarId=14735&avatarType=issuetype", "name": "Administration", "subtask": false, "avatarId": 14735 },
        { "self": "https://jira.oodrive.net/rest/api/2/issuetype/56", "id": "56", "description": "", "iconUrl": "https://jira.oodrive.net/secure/viewavatar?size=xsmall&avatarId=14727&avatarType=issuetype", "name": "Configuration", "subtask": false, "avatarId": 14727 },
        { "self": "https://jira.oodrive.net/rest/api/2/issuetype/57", "id": "57", "description": "", "iconUrl": "https://jira.oodrive.net/secure/viewavatar?size=xsmall&avatarId=14720&avatarType=issuetype", "name": "Projet Jira", "subtask": false, "avatarId": 14720 },
        { "self": "https://jira.oodrive.net/rest/api/2/issuetype/58", "id": "58", "description": "Projet Jira Sous tache", "iconUrl": "https://jira.oodrive.net/secure/viewavatar?size=xsmall&avatarId=14736&avatarType=issuetype", "name": "Projet Jira ", "subtask": true, "avatarId": 14736 },
        { "self": "https://jira.oodrive.net/rest/api/2/issuetype/59", "id": "59", "description": "MAJ de sécurité d'un composant tiers (système, bibliothèque, ...)", "iconUrl": "https://jira.oodrive.net/images/icons/issuetypes/exclamation.png", "name": "MAJ de sécurité", "subtask": false },
        { "self": "https://jira.oodrive.net/rest/api/2/issuetype/60", "id": "60", "description": "Mise à jour d'un composant tiers, hors mises à jour de sécurité.", "iconUrl": "https://jira.oodrive.net/secure/viewavatar?size=xsmall&avatarId=14723&avatarType=issuetype", "name": "MAJ de composant tiers", "subtask": false, "avatarId": 14723 },
        { "self": "https://jira.oodrive.net/rest/api/2/issuetype/61", "id": "61", "description": "Auto", "iconUrl": "https://jira.oodrive.net/images/icons/issuetypes/defect.png", "name": "Auto", "subtask": false },
        { "self": "https://jira.oodrive.net/rest/api/2/issuetype/62", "id": "62", "description": "", "iconUrl": "https://jira.oodrive.net/download/resources/com.thed.zephyr.je/images/icons/ico_zephyr_issuetype.png", "name": "Test sub-task", "subtask": true },
        { "self": "https://jira.oodrive.net/rest/api/2/issuetype/10003", "id": "10003", "description": "Ce type de demande permet de solliciter l'IT pour une MEP d'un produit", "iconUrl": "https://jira.oodrive.net/secure/viewavatar?size=xsmall&avatarId=14723&avatarType=issuetype", "name": "MEP", "subtask": false, "avatarId": 14723 },
        { "self": "https://jira.oodrive.net/rest/api/2/issuetype/10004", "id": "10004", "description": "", "iconUrl": "https://jira.oodrive.net/secure/viewavatar?size=xsmall&avatarId=14734&avatarType=issuetype", "name": "Accès", "subtask": false, "avatarId": 14734 },
        { "self": "https://jira.oodrive.net/rest/api/2/issuetype/10005", "id": "10005", "description": "", "iconUrl": "https://jira.oodrive.net/secure/viewavatar?size=xsmall&avatarId=14727&avatarType=issuetype", "name": "Correctif", "subtask": false, "avatarId": 14727 },
        { "self": "https://jira.oodrive.net/rest/api/2/issuetype/10006", "id": "10006", "description": "", "iconUrl": "https://jira.oodrive.net/secure/viewavatar?size=xsmall&avatarId=14740&avatarType=issuetype", "name": "Requête SQL", "subtask": false, "avatarId": 14740 },
        { "self": "https://jira.oodrive.net/rest/api/2/issuetype/10007", "id": "10007", "description": "", "iconUrl": "https://jira.oodrive.net/secure/viewavatar?size=xsmall&avatarId=14743&avatarType=issuetype", "name": "Déploiement nouvelle application", "subtask": false, "avatarId": 14743 },
        { "self": "https://jira.oodrive.net/rest/api/2/issuetype/10100", "id": "10100", "description": "", "iconUrl": "https://jira.oodrive.net/secure/viewavatar?size=xsmall&avatarId=14723&avatarType=issuetype", "name": "Problème", "subtask": false, "avatarId": 14723 },
        { "self": "https://jira.oodrive.net/rest/api/2/issuetype/10101", "id": "10101", "description": "", "iconUrl": "https://jira.oodrive.net/secure/viewavatar?size=xsmall&avatarId=14731&avatarType=issuetype", "name": "Information", "subtask": false, "avatarId": 14731 },
        { "self": "https://jira.oodrive.net/rest/api/2/issuetype/10102", "id": "10102", "description": "", "iconUrl": "https://jira.oodrive.net/secure/viewavatar?size=xsmall&avatarId=14740&avatarType=issuetype", "name": "Liquibase", "subtask": false, "avatarId": 14740 },
        { "self": "https://jira.oodrive.net/rest/api/2/issuetype/10200", "id": "10200", "description": "", "iconUrl": "https://jira.oodrive.net/secure/viewavatar?size=xsmall&avatarId=14731&avatarType=issuetype", "name": "Arrivée Collaborateur", "subtask": false, "avatarId": 14731 },
        { "self": "https://jira.oodrive.net/rest/api/2/issuetype/10201", "id": "10201", "description": "", "iconUrl": "https://jira.oodrive.net/secure/viewavatar?size=xsmall&avatarId=14741&avatarType=issuetype", "name": "Sortie Collaborateur", "subtask": false, "avatarId": 14741 },
        { "self": "https://jira.oodrive.net/rest/api/2/issuetype/10202", "id": "10202", "description": "", "iconUrl": "https://jira.oodrive.net/secure/viewavatar?size=xsmall&avatarId=14740&avatarType=issuetype", "name": "Demande", "subtask": false, "avatarId": 14740 },
        { "self": "https://jira.oodrive.net/rest/api/2/issuetype/10300", "id": "10300", "description": "", "iconUrl": "https://jira.oodrive.net/secure/viewavatar?size=xsmall&avatarId=14730&avatarType=issuetype", "name": "Go Production", "subtask": false, "avatarId": 14730 },
        { "self": "https://jira.oodrive.net/rest/api/2/issuetype/10301", "id": "10301", "description": "", "iconUrl": "https://jira.oodrive.net/secure/viewavatar?size=xsmall&avatarId=14730&avatarType=issuetype", "name": "Amélioration_ST", "subtask": true, "avatarId": 14730 },
        { "self": "https://jira.oodrive.net/rest/api/2/issuetype/10302", "id": "10302", "description": "", "iconUrl": "https://jira.oodrive.net/secure/viewavatar?size=xsmall&avatarId=15184&avatarType=issuetype", "name": "Amélioration-Technique_ST", "subtask": true, "avatarId": 15184 },
        { "self": "https://jira.oodrive.net/rest/api/2/issuetype/10303", "id": "10303", "description": "", "iconUrl": "https://jira.oodrive.net/secure/viewavatar?size=xsmall&avatarId=14731&avatarType=issuetype", "name": "Amélioration-interne_ST", "subtask": true, "avatarId": 14731 },
        { "self": "https://jira.oodrive.net/rest/api/2/issuetype/10304", "id": "10304", "description": "", "iconUrl": "https://jira.oodrive.net/secure/viewavatar?size=xsmall&avatarId=15185&avatarType=issuetype", "name": "Anomalie_ST", "subtask": true, "avatarId": 15185 },
        { "self": "https://jira.oodrive.net/rest/api/2/issuetype/10305", "id": "10305", "description": "", "iconUrl": "https://jira.oodrive.net/secure/viewavatar?size=xsmall&avatarId=15186&avatarType=issuetype", "name": "Anomalie-interne_ST", "subtask": true, "avatarId": 15186 },
        { "self": "https://jira.oodrive.net/rest/api/2/issuetype/10306", "id": "10306", "description": "", "iconUrl": "https://jira.oodrive.net/secure/viewavatar?size=xsmall&avatarId=15187&avatarType=issuetype", "name": "Auto_ST", "subtask": true, "avatarId": 15187 },
        { "self": "https://jira.oodrive.net/rest/api/2/issuetype/10307", "id": "10307", "description": "", "iconUrl": "https://jira.oodrive.net/secure/viewavatar?size=xsmall&avatarId=15188&avatarType=issuetype", "name": "Documentation-technique_ST", "subtask": true, "avatarId": 15188 },
        { "self": "https://jira.oodrive.net/rest/api/2/issuetype/10308", "id": "10308", "description": "", "iconUrl": "https://jira.oodrive.net/secure/viewavatar?size=xsmall&avatarId=15189&avatarType=issuetype", "name": "Epopée_ST", "subtask": true, "avatarId": 15189 },
        { "self": "https://jira.oodrive.net/rest/api/2/issuetype/10309", "id": "10309", "description": "", "iconUrl": "https://jira.oodrive.net/secure/viewavatar?size=xsmall&avatarId=15190&avatarType=issuetype", "name": "Nouveauté_ST", "subtask": true, "avatarId": 15190 },
        { "self": "https://jira.oodrive.net/rest/api/2/issuetype/10310", "id": "10310", "description": "", "iconUrl": "https://jira.oodrive.net/secure/viewavatar?size=xsmall&avatarId=15191&avatarType=issuetype", "name": "Nouveauté-Interne_ST", "subtask": true, "avatarId": 15191 },
        { "self": "https://jira.oodrive.net/rest/api/2/issuetype/10311", "id": "10311", "description": "", "iconUrl": "https://jira.oodrive.net/secure/viewavatar?size=xsmall&avatarId=14730&avatarType=issuetype", "name": "Go-Prodution_ST", "subtask": true, "avatarId": 14730 },
        { "self": "https://jira.oodrive.net/rest/api/2/issuetype/10400", "id": "10400", "description": "", "iconUrl": "https://jira.oodrive.net/secure/viewavatar?size=xsmall&avatarId=14736&avatarType=issuetype", "name": "Déploiement Cloud Privé", "subtask": false, "avatarId": 14736 },
        { "self": "https://jira.oodrive.net/rest/api/2/issuetype/10401", "id": "10401", "description": "", "iconUrl": "https://jira.oodrive.net/secure/viewavatar?size=xsmall&avatarId=14731&avatarType=issuetype", "name": "Mise à jour Cloud Privé", "subtask": false, "avatarId": 14731 },
        { "self": "https://jira.oodrive.net/rest/api/2/issuetype/10402", "id": "10402", "description": "", "iconUrl": "https://jira.oodrive.net/secure/viewavatar?size=xsmall&avatarId=14724&avatarType=issuetype", "name": "Demandes IT", "subtask": false, "avatarId": 14724 },
        { "self": "https://jira.oodrive.net/rest/api/2/issuetype/10500", "id": "10500", "description": "", "iconUrl": "https://jira.oodrive.net/secure/viewavatar?size=xsmall&avatarId=14736&avatarType=issuetype", "name": "Déploiement VM", "subtask": false, "avatarId": 14736 },
        { "self": "https://jira.oodrive.net/rest/api/2/issuetype/10501", "id": "10501", "description": "Demande adressée aux Dev", "iconUrl": "https://jira.oodrive.net/secure/viewavatar?size=xsmall&avatarId=14720&avatarType=issuetype", "name": "Dev", "subtask": false, "avatarId": 14720 },
        { "self": "https://jira.oodrive.net/rest/api/2/issuetype/10502", "id": "10502", "description": "", "iconUrl": "https://jira.oodrive.net/secure/viewavatar?size=xsmall&avatarId=14723&avatarType=issuetype", "name": "Mep Workspaces", "subtask": false, "avatarId": 14723 },
        { "self": "https://jira.oodrive.net/rest/api/2/issuetype/10503", "id": "10503", "description": "", "iconUrl": "https://jira.oodrive.net/secure/viewavatar?size=xsmall&avatarId=14723&avatarType=issuetype", "name": "Mep Clients Lourds", "subtask": false, "avatarId": 14723 },
        { "self": "https://jira.oodrive.net/rest/api/2/issuetype/10504", "id": "10504", "description": "Demande de Licences, Logiciels, etc", "iconUrl": "https://jira.oodrive.net/secure/viewavatar?size=xsmall&avatarId=14723&avatarType=issuetype", "name": "Logiciel", "subtask": false, "avatarId": 14723 },
        { "self": "https://jira.oodrive.net/rest/api/2/issuetype/10505", "id": "10505", "description": "", "iconUrl": "https://jira.oodrive.net/secure/viewavatar?size=xsmall&avatarId=14743&avatarType=issuetype", "name": "Matériel", "subtask": false, "avatarId": 14743 },
        { "self": "https://jira.oodrive.net/rest/api/2/issuetype/10506", "id": "10506", "description": "Exécution de GC, supervision de migrations, requêtes de stats en prod, création de scripts etc", "iconUrl": "https://jira.oodrive.net/secure/viewavatar?size=xsmall&avatarId=14720&avatarType=issuetype", "name": "Exploitation", "subtask": false, "avatarId": 14720 },
        { "self": "https://jira.oodrive.net/rest/api/2/issuetype/10507", "id": "10507", "description": "Demandes soumises par le support", "iconUrl": "https://jira.oodrive.net/secure/viewavatar?size=xsmall&avatarId=14720&avatarType=issuetype", "name": "Support", "subtask": false, "avatarId": 14720 },
        { "self": "https://jira.oodrive.net/rest/api/2/issuetype/10508", "id": "10508", "description": "CIR", "iconUrl": "https://jira.oodrive.net/secure/viewavatar?size=xsmall&avatarId=14720&avatarType=issuetype", "name": "Autre", "subtask": false, "avatarId": 14720 }
    ],
    "assigneeType": "PROJECT_LEAD",
    "versions": [
        { "self": "https://jira.oodrive.net/rest/api/2/version/17773", "id": "17773", "description": "Release 1: Synchronization", "name": "2.0.0", "archived": false, "released": true, "startDate": "2014-10-01", "releaseDate": "2016-02-01", "userStartDate": "01/10/14", "userReleaseDate": "01/02/16", "projectId": 12656 },
        { "self": "https://jira.oodrive.net/rest/api/2/version/18248", "id": "18248", "description": "Release 2: Partage", "name": "2.1.0", "archived": false, "released": true, "startDate": "2015-08-31", "releaseDate": "2016-05-11", "userStartDate": "31/08/15", "userReleaseDate": "11/05/16", "projectId": 12656 },
        { "self": "https://jira.oodrive.net/rest/api/2/version/18514", "id": "18514", "description": "Release3: Partage collaborative", "name": "2.2.0", "archived": false, "released": true, "startDate": "2015-11-30", "releaseDate": "2016-07-07", "userStartDate": "30/11/15", "userReleaseDate": "07/07/16", "projectId": 12656 },
        { "self": "https://jira.oodrive.net/rest/api/2/version/18647", "id": "18647", "description": "Release 1: Synchronization", "name": "2.0.0-MAC", "archived": false, "released": true, "startDate": "2014-12-15", "releaseDate": "2016-03-01", "userStartDate": "15/12/14", "userReleaseDate": "01/03/16", "projectId": 12656 },
        { "self": "https://jira.oodrive.net/rest/api/2/version/18672", "id": "18672", "description": "Release 2: partage", "name": "2.1.0-MAC", "archived": false, "released": true, "startDate": "2016-01-04", "releaseDate": "2016-05-11", "userStartDate": "04/01/16", "userReleaseDate": "11/05/16", "projectId": 12656 },
        { "self": "https://jira.oodrive.net/rest/api/2/version/18814", "id": "18814", "description": "Release3: Partage collaborative", "name": "2.2.0-MAC", "archived": false, "released": true, "startDate": "2016-03-16", "releaseDate": "2016-07-07", "userStartDate": "16/03/16", "userReleaseDate": "07/07/16", "projectId": 12656 },
        { "self": "https://jira.oodrive.net/rest/api/2/version/19034", "id": "19034", "description": "Fix : url du serveur", "name": "2.1.1", "archived": false, "released": true, "startDate": "2016-05-25", "releaseDate": "2016-05-25", "userStartDate": "25/05/16", "userReleaseDate": "25/05/16", "projectId": 12656 },
        { "self": "https://jira.oodrive.net/rest/api/2/version/19062", "id": "19062", "name": "2.3.0", "archived": false, "released": true, "startDate": "2016-06-15", "releaseDate": "2016-08-01", "userStartDate": "15/06/16", "userReleaseDate": "01/08/16", "projectId": 12656 },
        { "self": "https://jira.oodrive.net/rest/api/2/version/19063", "id": "19063", "name": "2.3.0-MAC", "archived": false, "released": true, "startDate": "2016-06-15", "releaseDate": "2016-08-01", "userStartDate": "15/06/16", "userReleaseDate": "01/08/16", "projectId": 12656 },
        { "self": "https://jira.oodrive.net/rest/api/2/version/19100", "id": "19100", "name": "2.4.0", "archived": false, "released": true, "startDate": "2016-08-01", "releaseDate": "2016-10-06", "userStartDate": "01/08/16", "userReleaseDate": "06/10/16", "projectId": 12656 },
        { "self": "https://jira.oodrive.net/rest/api/2/version/19101", "id": "19101", "name": "2.4.0-MAC", "archived": false, "released": true, "startDate": "2016-08-01", "releaseDate": "2016-10-06", "userStartDate": "01/08/16", "userReleaseDate": "06/10/16", "projectId": 12656 },
        { "self": "https://jira.oodrive.net/rest/api/2/version/19628", "id": "19628", "description": "Lock", "name": "2.5.0", "archived": false, "released": true, "startDate": "2016-09-15", "releaseDate": "2016-12-01", "userStartDate": "15/09/16", "userReleaseDate": "01/12/16", "projectId": 12656 },
        { "self": "https://jira.oodrive.net/rest/api/2/version/19629", "id": "19629", "description": "Lock", "name": "2.5.0-MAC", "archived": false, "released": true, "startDate": "2016-09-15", "releaseDate": "2016-12-01", "userStartDate": "15/09/16", "userReleaseDate": "01/12/16", "projectId": 12656 },
        { "self": "https://jira.oodrive.net/rest/api/2/version/19820", "id": "19820", "description": "Intégration oAuth2", "name": "2.6.0", "archived": false, "released": true, "startDate": "2016-10-13", "releaseDate": "2017-01-05", "userStartDate": "13/10/16", "userReleaseDate": "05/01/17", "projectId": 12656 },
        { "self": "https://jira.oodrive.net/rest/api/2/version/19821", "id": "19821", "description": "Intégration oAuth2", "name": "2.6.0-MAC", "archived": false, "released": true, "startDate": "2016-10-13", "releaseDate": "2017-01-05", "userStartDate": "13/10/16", "userReleaseDate": "05/01/17", "projectId": 12656 },
        { "self": "https://jira.oodrive.net/rest/api/2/version/20139", "id": "20139", "description": "Inno setup", "name": "2.7.0", "archived": false, "released": false, "startDate": "2016-11-30", "releaseDate": "2017-02-28", "overdue": false, "userStartDate": "30/11/16", "userReleaseDate": "28/02/17", "projectId": 12656 },
        { "self": "https://jira.oodrive.net/rest/api/2/version/20140", "id": "20140", "name": "2.7.0-MAC", "archived": false, "released": false, "startDate": "2016-11-30", "releaseDate": "2017-02-28", "overdue": false, "userStartDate": "30/11/16", "userReleaseDate": "28/02/17", "projectId": 12656 },
        { "self": "https://jira.oodrive.net/rest/api/2/version/20352", "id": "20352", "description": "Migration", "name": "2.8.0", "archived": false, "released": false, "startDate": "2017-01-16", "releaseDate": "2017-02-28", "overdue": false, "userStartDate": "16/01/17", "userReleaseDate": "28/02/17", "projectId": 12656 },
        { "self": "https://jira.oodrive.net/rest/api/2/version/20353", "id": "20353", "name": "2.8.0-MAC", "archived": false, "released": false, "startDate": "2017-01-16", "releaseDate": "2017-02-28", "overdue": false, "userStartDate": "16/01/17", "userReleaseDate": "28/02/17", "projectId": 12656 }
    ],
    "name": "WebSynchro Pro 2",
    "roles": { "Developpeur observateur": "https://jira.oodrive.net/rest/api/2/project/12656/role/10020", "Developers": "https://jira.oodrive.net/rest/api/2/project/12656/role/10001", "Observateur interne du projet": "https://jira.oodrive.net/rest/api/2/project/12656/role/10008", "project-reports-viewer": "https://jira.oodrive.net/rest/api/2/project/12656/role/10010", "Client interne": "https://jira.oodrive.net/rest/api/2/project/12656/role/10003", "Administrators": "https://jira.oodrive.net/rest/api/2/project/12656/role/10002", "Membre du projet": "https://jira.oodrive.net/rest/api/2/project/12656/role/10006", "Users": "https://jira.oodrive.net/rest/api/2/project/12656/role/10000", "Responsable test projet": "https://jira.oodrive.net/rest/api/2/project/12656/role/10007", "Client externe": "https://jira.oodrive.net/rest/api/2/project/12656/role/10009", "Responsable projet": "https://jira.oodrive.net/rest/api/2/project/12656/role/10005", "Tempo Project Managers": "https://jira.oodrive.net/rest/api/2/project/12656/role/10030" },
    "avatarUrls": { "48x48": "https://jira.oodrive.net/secure/projectavatar?pid=12656&avatarId=10011", "24x24": "https://jira.oodrive.net/secure/projectavatar?size=small&pid=12656&avatarId=10011", "16x16": "https://jira.oodrive.net/secure/projectavatar?size=xsmall&pid=12656&avatarId=10011", "32x32": "https://jira.oodrive.net/secure/projectavatar?size=medium&pid=12656&avatarId=10011" },
    "projectCategory": { "self": "https://jira.oodrive.net/rest/api/2/projectCategory/10380", "id": "10380", "name": "Clients Lourds Easyshare", "description": "Clients Lourds Easyshare" },
    "projectTypeKey": "software"
}