  {
    "expand":"description,lead,url,projectKeys",
    "self":"https://jira.oodrive.net/rest/api/2/project/13765",
    "id":"13765",
    "key":"BOAR",
    "description":"",
    "lead":
    {
      "self":"https://jira.oodrive.net/rest/api/2/user?username=m.mejdoub",
      "key":"m.mejdoub",
      "name":"m.mejdoub",
      "avatarUrls":
      {
        "16x16":"https://jira.oodrive.net/secure/useravatar?size=xsmall&avatarId=10128",
        "24x24":"https://jira.oodrive.net/secure/useravatar?size=small&avatarId=10128",
        "32x32":"https://jira.oodrive.net/secure/useravatar?size=medium&avatarId=10128",
        "48x48":"https://jira.oodrive.net/secure/useravatar?avatarId=10128"
      },
      "displayName":"Mejdi Mejdoub",
      "active":true
    },
    "components":
    [
      {"self":"https://jira.oodrive.net/rest/api/2/component/15937",
        "id":"15937",
        "name":"Annotations",
        "isAssigneeTypeValid":false},
      {"self":"https://jira.oodrive.net/rest/api/2/component/14338","id":"14338","name":"Boardbook","description":"Generation de boardbook pour les meeting","isAssigneeTypeValid":false},
        {"self":"https://jira.oodrive.net/rest/api/2/component/14339","id":"14339","name":"Chat","description":"Module de chat","isAssigneeTypeValid":false},
        {"self":"https://jira.oodrive.net/rest/api/2/component/14727","id":"14727","name":"Performance","description":"Performance","isAssigneeTypeValid":false},
        {"self":"https://jira.oodrive.net/rest/api/2/component/14485","id":"14485","name":"Refactoring","description":"Refactoring de code","isAssigneeTypeValid":false},
        {"self":"https://jira.oodrive.net/rest/api/2/component/15264","id":"15264","name":"Tracking","description":"Tracking des actions utilisateurs","isAssigneeTypeValid":false},
        {"self":"https://jira.oodrive.net/rest/api/2/component/14340","id":"14340","name":"WebApp","description":"Webapp boardnox backend","isAssigneeTypeValid":false}
      ],
        "issueTypes":
        [{"self":"https://jira.oodrive.net/rest/api/2/issuetype/25","id":"25","description":"gh.issue.epic.desc","iconUrl":"https://jira.oodrive.net/images/icons/issuetypes/epic.png","name":"Épopée","subtask":false},
          {"self":"https://jira.oodrive.net/rest/api/2/issuetype/24","id":"24","description":"Nouveauté, nouvelle fonction ou nouveau module","iconUrl":"https://jira.oodrive.net/images/icons/issuetypes/health.png","name":"Nouveauté","subtask":false},
          {"self":"https://jira.oodrive.net/rest/api/2/issuetype/23","id":"23","description":"Amélioration des fonctionalités existantes ","iconUrl":"https://jira.oodrive.net/secure/viewavatar?size=xsmall&avatarId=14730&avatarType=issuetype","name":"Amélioration","subtask":false,"avatarId":14730},
          {"self":"https://jira.oodrive.net/rest/api/2/issuetype/1","id":"1","description":"Bug ou dysfonctionnement détecté en externe","iconUrl":"https://jira.oodrive.net/images/icons/bug.png","name":"Anomalie","subtask":false},
          {"self":"https://jira.oodrive.net/rest/api/2/issuetype/17","id":"17","description":"Débogage d'application en recette interne","iconUrl":"https://jira.oodrive.net/images/icons/bug_delete.png","name":"Anomalie interne","subtask":false},
          {"self":"https://jira.oodrive.net/rest/api/2/issuetype/42","id":"42","description":"Amélioration non fonctionnelle, pas d'impact client visible, à la discrétion des chefs de pôle","iconUrl":"https://jira.oodrive.net/images/icons/wrench.png","name":"Amélioration technique","subtask":false},
          {"self":"https://jira.oodrive.net/rest/api/2/issuetype/27","id":"27","description":"Une tâche technique.","iconUrl":"https://jira.oodrive.net/images/icons/issuetypes/task_agile.png","name":"Tâche technique","subtask":true},
          {"self":"https://jira.oodrive.net/rest/api/2/issuetype/28","id":"28","description":"un ensemble de nouvelles fonctionnalités","iconUrl":"https://jira.oodrive.net/secure/viewavatar?size=xsmall&avatarId=14734&avatarType=issuetype","name":"Thème - nouveauté","subtask":false,"avatarId":14734},
          {"self":"https://jira.oodrive.net/rest/api/2/issuetype/48","id":"48","description":"","iconUrl":"https://jira.oodrive.net/images/icons/issuetypes/documentation.png","name":"Documentation technique","subtask":false},
          {"self":"https://jira.oodrive.net/rest/api/2/issuetype/29","id":"29","description":"Anomalie sur une évolution sous forme de sous-tâche","iconUrl":"https://jira.oodrive.net/images/icons/issuetypes/exclamation.png","name":"Anomalie ST","subtask":true},
          {"self":"https://jira.oodrive.net/rest/api/2/issuetype/30","id":"30","description":"","iconUrl":"https://jira.oodrive.net/images/icons/emoticon_waii.png","name":"Projet","subtask":false},
          {"self":"https://jira.oodrive.net/rest/api/2/issuetype/31","id":"31","description":"","iconUrl":"https://jira.oodrive.net/images/icons/basket.png","name":"Specification","subtask":true},
          {"self":"https://jira.oodrive.net/rest/api/2/issuetype/32","id":"32","description":"","iconUrl":"https://jira.oodrive.net/images/icons/money_dollar.png","name":"Chiffrage","subtask":true},
          {"self":"https://jira.oodrive.net/rest/api/2/issuetype/37","id":"37","description":"Documentation","iconUrl":"https://jira.oodrive.net/images/icons/issuetypes/documentation.png","name":"Documentation-ST","subtask":true},
          {"self":"https://jira.oodrive.net/rest/api/2/issuetype/34","id":"34","description":"","iconUrl":"https://jira.oodrive.net/images/icons/zoom.png","name":"Tests","subtask":true},
          {"self":"https://jira.oodrive.net/rest/api/2/issuetype/35","id":"35","description":"","iconUrl":"https://jira.oodrive.net/images/icons/heart.png","name":"Validation","subtask":true},
          {"self":"https://jira.oodrive.net/rest/api/2/issuetype/38","id":"38","description":"","iconUrl":"https://jira.oodrive.net/images/icons/lorry.png","name":"Déploiement","subtask":true},
          {"self":"https://jira.oodrive.net/rest/api/2/issuetype/45","id":"45","description":"This Issue Type is used to create Zephyr Test within Jira.","iconUrl":"https://jira.oodrive.net/download/resources/com.thed.zephyr.je/images/icons/ico_zephyr_issuetype.png","name":"Test","subtask":false},
          {"self":"https://jira.oodrive.net/rest/api/2/issuetype/49","id":"49","description":"","iconUrl":"https://jira.oodrive.net/images/icons/heart.png","name":"Nouveauté interne","subtask":false},
          {"self":"https://jira.oodrive.net/rest/api/2/issuetype/50","id":"50","description":"","iconUrl":"https://jira.oodrive.net/secure/viewavatar?size=xsmall&avatarId=14731&avatarType=issuetype","name":"Amélioration interne","subtask":false,"avatarId":14731},
          {"self":"https://jira.oodrive.net/rest/api/2/issuetype/61","id":"61","description":"Auto","iconUrl":"https://jira.oodrive.net/images/icons/issuetypes/defect.png","name":"Auto","subtask":false}
          ],
          "url":"https://easysharepp.oodrive.com/boardnox/ws/extranetqa/","assigneeType":"UNASSIGNED","versions":
          [
            {"self":"https://jira.oodrive.net/rest/api/2/version/18580","id":"18580","description":"Toutes les tâches pour la 4.18","name":"4.18.0.0","archived":false,"released":true,"releaseDate":"2014-12-10","userReleaseDate":"10/12/14","projectId":13765},
            {"self":"https://jira.oodrive.net/rest/api/2/version/18584","id":"18584","description":"Toutes les tâches pour la 4.19","name":"4.19.0.0","archived":false,"released":true,"releaseDate":"2016-10-16","userReleaseDate":"16/10/16","projectId":13765},
            {"self":"https://jira.oodrive.net/rest/api/2/version/18585","id":"18585","name":"4.20.0.0","archived":false,"released":true,"releaseDate":"2015-11-02","userReleaseDate":"02/11/15","projectId":13765},
            {"self":"https://jira.oodrive.net/rest/api/2/version/18586","id":"18586","name":"4.20.1.0","archived":false,"released":true,"releaseDate":"2015-12-18","userReleaseDate":"18/12/15","projectId":13765},
            {"self":"https://jira.oodrive.net/rest/api/2/version/18587","id":"18587","name":"4.20.2.0","archived":false,"released":true,"releaseDate":"2016-01-13","userReleaseDate":"13/01/16","projectId":13765},
            {"self":"https://jira.oodrive.net/rest/api/2/version/18588","id":"18588","name":"4.20.3.0","archived":false,"released":true,"releaseDate":"2016-04-12","userReleaseDate":"12/04/16","projectId":13765},
            {"self":"https://jira.oodrive.net/rest/api/2/version/18627","id":"18627","description":"Boardnox V2","name":"4","archived":false,"released":true,"startDate":"2016-09-14","releaseDate":"2016-11-22","userStartDate":"14/09/16","userReleaseDate":"22/11/16","projectId":13765},
            {"self":"https://jira.oodrive.net/rest/api/2/version/18590","id":"18590","description":"Boardnox V3","name":"5","archived":false,"released":false,"startDate":"2016-01-28","userStartDate":"28/01/16","projectId":13765},
            {"self":"https://jira.oodrive.net/rest/api/2/version/18589","id":"18589","description":"Enregistrer sous","name":"5.0.0.0","archived":false,"released":true,"startDate":"2016-01-27","releaseDate":"2016-05-30","userStartDate":"27/01/16","userReleaseDate":"30/05/16","projectId":13765},
            {"self":"https://jira.oodrive.net/rest/api/2/version/18827","id":"18827","description":"Droit de visualisation des contacts","name":"5.0.1.0","archived":false,"released":true,"startDate":"2016-03-25","releaseDate":"2016-05-30","userStartDate":"25/03/16","userReleaseDate":"30/05/16","projectId":13765},
            {"self":"https://jira.oodrive.net/rest/api/2/version/18956","id":"18956","description":"Modification d'une réunion en cours","name":"5.1.0","archived":false,"released":true,"startDate":"2016-04-13","releaseDate":"2016-07-04","userStartDate":"13/04/16","userReleaseDate":"04/07/16","projectId":13765},
            {"self":"https://jira.oodrive.net/rest/api/2/version/19042","id":"19042","description":"Reorder des sujets","name":"5.2.0","archived":false,"released":true,"startDate":"2016-06-13","releaseDate":"2016-07-28","userStartDate":"13/06/16","userReleaseDate":"28/07/16","projectId":13765},
            {"self":"https://jira.oodrive.net/rest/api/2/version/19089","id":"19089","description":"Modification d'un vote en cours / SMS Vocal","name":"5.3.0","archived":false,"released":true,"startDate":"2016-07-11","releaseDate":"2016-09-15","userStartDate":"11/07/16","userReleaseDate":"15/09/16","projectId":13765},
            {"self":"https://jira.oodrive.net/rest/api/2/version/19127","id":"19127","description":"Autoriser la modification d'une réunion terminée","name":"5.4.0","archived":false,"released":true,"startDate":"2016-08-16","releaseDate":"2016-09-15","userStartDate":"16/08/16","userReleaseDate":"15/09/16","projectId":13765},
            {"self":"https://jira.oodrive.net/rest/api/2/version/19624","id":"19624","description":"Préparatifs DashBoard Lot 2","name":"5.5.0","archived":false,"released":true,"startDate":"2016-09-14","releaseDate":"2016-11-22","userStartDate":"14/09/16","userReleaseDate":"22/11/16","projectId":13765},
            {"self":"https://jira.oodrive.net/rest/api/2/version/20039","id":"20039","description":"Lot 1 DashBoard","name":"5.4.1","archived":false,"released":true,"startDate":"2016-10-26","releaseDate":"2016-11-03","userStartDate":"26/10/16","userReleaseDate":"03/11/16","projectId":13765},
            {"self":"https://jira.oodrive.net/rest/api/2/version/20123","id":"20123","description":"Fix BoardBook & Liquibases","name":"5.5.1","archived":false,"released":true,"startDate":"2016-11-18","releaseDate":"2016-11-23","userStartDate":"18/11/16","userReleaseDate":"23/11/16","projectId":13765},
            {"self":"https://jira.oodrive.net/rest/api/2/version/19721","id":"19721","description":"Lot 2 DashBoard","name":"5.6.0","archived":false,"released":false,"startDate":"2016-10-12","userStartDate":"12/10/16","projectId":13765},
            {"self":"https://jira.oodrive.net/rest/api/2/version/20131","id":"20131","description":"BoardBook","name":"0.0.8","archived":false,"released":false,"startDate":"2016-11-18","userStartDate":"18/11/16","projectId":13765},
            {"self":"https://jira.oodrive.net/rest/api/2/version/20237","id":"20237","description":"Intégration Heimdall / Publier réunion dans le passé","name":"5.7.0","archived":false,"released":false,"startDate":"2016-12-21","userStartDate":"21/12/16","projectId":13765},
            {"self":"https://jira.oodrive.net/rest/api/2/version/20341","id":"20341","name":"5.6.1","archived":false,"released":false,"startDate":"2017-01-13","userStartDate":"13/01/17","projectId":13765}
            ],
            "name":"Boardnox","roles":
            {"Developpeur observateur":"https://jira.oodrive.net/rest/api/2/project/13765/role/10020","Developers":"https://jira.oodrive.net/rest/api/2/project/13765/role/10001","Observateur interne du projet":"https://jira.oodrive.net/rest/api/2/project/13765/role/10008","project-reports-viewer":"https://jira.oodrive.net/rest/api/2/project/13765/role/10010","Client interne":"https://jira.oodrive.net/rest/api/2/project/13765/role/10003","Administrators":"https://jira.oodrive.net/rest/api/2/project/13765/role/10002","Membre du projet":"https://jira.oodrive.net/rest/api/2/project/13765/role/10006","Users":"https://jira.oodrive.net/rest/api/2/project/13765/role/10000","Responsable test projet":"https://jira.oodrive.net/rest/api/2/project/13765/role/10007","Client externe":"https://jira.oodrive.net/rest/api/2/project/13765/role/10009","Responsable projet":"https://jira.oodrive.net/rest/api/2/project/13765/role/10005","Tempo Project Managers":"https://jira.oodrive.net/rest/api/2/project/13765/role/10030"},
            "avatarUrls":
            {"48x48":"https://jira.oodrive.net/secure/projectavatar?pid=13765&avatarId=13651","24x24":"https://jira.oodrive.net/secure/projectavatar?size=small&pid=13765&avatarId=13651","16x16":"https://jira.oodrive.net/secure/projectavatar?size=xsmall&pid=13765&avatarId=13651","32x32":"https://jira.oodrive.net/secure/projectavatar?size=medium&pid=13765&avatarId=13651"},
            "projectTypeKey":"software"
          }
