[{"self":"https://jira.oodrive.net/rest/api/2/version/16647","id":"16647","name":"0.0.2","archived":false,"released":true,"releaseDate":"2015-08-27","userReleaseDate":"27/08/15","projectId":12655},{"self":"https://jira.oodrive.net/rest/api/2/version/18228","id":"18228","name":"0.0.3","archived":false,"released":true,"startDate":"2015-08-14","releaseDate":"2015-09-15","userStartDate":"14/08/15","userReleaseDate":"15/09/15","projectId":12655},{"self":"https://jira.oodrive.net/rest/api/2/version/18258","id":"18258","name":"0.0.4","archived":false,"released":true,"startDate":"2015-09-15","releaseDate":"2015-10-20","userStartDate":"15/09/15","userReleaseDate":"20/10/15","projectId":12655},{"self":"https://jira.oodrive.net/rest/api/2/version/18444","id":"18444","name":"0.0.5","archived":false,"released":true,"startDate":"2015-10-20","userStartDate":"20/10/15","projectId":12655},{"self":"https://jira.oodrive.net/rest/api/2/version/18604","id":"18604","name":"0.0.5.1","archived":false,"released":true,"startDate":"2016-01-25","releaseDate":"2016-01-29","userStartDate":"25/01/16","userReleaseDate":"29/01/16","projectId":12655},{"self":"https://jira.oodrive.net/rest/api/2/version/18479","id":"18479","name":"0.0.6","archived":false,"released":true,"startDate":"2015-11-18","releaseDate":"2016-02-17","userStartDate":"18/11/15","userReleaseDate":"17/02/16","projectId":12655},{"self":"https://jira.oodrive.net/rest/api/2/version/18669","id":"18669","name":"0.0.7","archived":false,"released":true,"startDate":"2016-02-15","releaseDate":"2016-03-31","userStartDate":"15/02/16","userReleaseDate":"31/03/16","projectId":12655},{"self":"https://jira.oodrive.net/rest/api/2/version/18752","id":"18752","name":"0.0.8","archived":false,"released":true,"startDate":"2016-03-15","releaseDate":"2016-04-29","userStartDate":"15/03/16","userReleaseDate":"29/04/16","projectId":12655},{"self":"https://jira.oodrive.net/rest/api/2/version/18753","id":"18753","name":"0.0.9","archived":false,"released":true,"startDate":"2016-04-13","releaseDate":"2016-06-02","userStartDate":"13/04/16","userReleaseDate":"02/06/16","projectId":12655},{"self":"https://jira.oodrive.net/rest/api/2/version/19035","id":"19035","name":"0.0.10","archived":false,"released":true,"startDate":"2016-05-18","releaseDate":"2016-05-30","userStartDate":"18/05/16","userReleaseDate":"30/05/16","projectId":12655},{"self":"https://jira.oodrive.net/rest/api/2/version/19049","id":"19049","name":"0.0.11","archived":false,"released":true,"releaseDate":"2016-06-28","userReleaseDate":"28/06/16","projectId":12655},{"self":"https://jira.oodrive.net/rest/api/2/version/19090","id":"19090","name":"0.1.0","archived":false,"released":true,"startDate":"2016-07-18","releaseDate":"2016-09-28","userStartDate":"18/07/16","userReleaseDate":"28/09/16","projectId":12655},{"self":"https://jira.oodrive.net/rest/api/2/version/19126","id":"19126","name":"0.2.0","archived":false,"released":true,"startDate":"2016-08-16","releaseDate":"2017-01-03","userStartDate":"16/08/16","userReleaseDate":"03/01/17","projectId":12655},{"self":"https://jira.oodrive.net/rest/api/2/version/19625","id":"19625","name":"1.0.0","archived":false,"released":true,"startDate":"2016-09-16","releaseDate":"2017-01-03","userStartDate":"16/09/16","userReleaseDate":"03/01/17","projectId":12655},{"self":"https://jira.oodrive.net/rest/api/2/version/20021","id":"20021","name":"1.1.0","archived":false,"released":true,"startDate":"2016-10-27","releaseDate":"2016-12-22","userStartDate":"27/10/16","userReleaseDate":"22/12/16","projectId":12655},{"self":"https://jira.oodrive.net/rest/api/2/version/20254","id":"20254","name":"1.1.1","archived":false,"released":true,"startDate":"2016-12-26","releaseDate":"2017-01-10","userStartDate":"26/12/16","userReleaseDate":"10/01/17","projectId":12655},{"self":"https://jira.oodrive.net/rest/api/2/version/20148","id":"20148","description":"Livrée en même temps que la 1.3","name":"1.2.0","archived":false,"released":true,"startDate":"2016-12-06","releaseDate":"2017-03-16","userStartDate":"06/12/16","userReleaseDate":"16/03/17","projectId":12655},{"self":"https://jira.oodrive.net/rest/api/2/version/20344","id":"20344","description":"WS 2.7 + EasyTransfer 1.5.0","name":"1.3.0","archived":false,"released":true,"startDate":"2017-02-01","releaseDate":"2017-03-16","userStartDate":"01/02/17","userReleaseDate":"16/03/17","projectId":12655},{"self":"https://jira.oodrive.net/rest/api/2/version/20536","id":"20536","name":"1.4.0","archived":false,"released":true,"startDate":"2017-02-24","releaseDate":"2017-05-29","userStartDate":"24/02/17","userReleaseDate":"29/05/17","projectId":12655},{"self":"https://jira.oodrive.net/rest/api/2/version/20592","id":"20592","name":"1.5.0","archived":false,"released":false,"startDate":"2017-03-08","releaseDate":"2017-06-29","overdue":false,"userStartDate":"08/03/17","userReleaseDate":"29/06/17","projectId":12655},{"self":"https://jira.oodrive.net/rest/api/2/version/20778","id":"20778","name":"1.6.0","archived":false,"released":false,"projectId":12655}]