[{"self":"https://jira.oodrive.net/rest/api/2/version/17773","id":"17773","description":"Release 1: Synchronization","name":"2.0.0","archived":false,"released":true,"startDate":"2014-10-01","releaseDate":"2016-02-01","userStartDate":"01/10/14","userReleaseDate":"01/02/16","projectId":12656},{"self":"https://jira.oodrive.net/rest/api/2/version/18248","id":"18248","description":"Release 2: Partage","name":"2.1.0","archived":false,"released":true,"startDate":"2015-08-31","releaseDate":"2016-05-11","userStartDate":"31/08/15","userReleaseDate":"11/05/16","projectId":12656},{"self":"https://jira.oodrive.net/rest/api/2/version/18514","id":"18514","description":"Release3: Partage collaborative","name":"2.2.0","archived":false,"released":true,"startDate":"2015-11-30","releaseDate":"2016-07-07","userStartDate":"30/11/15","userReleaseDate":"07/07/16","projectId":12656},{"self":"https://jira.oodrive.net/rest/api/2/version/18647","id":"18647","description":"Release 1: Synchronization","name":"2.0.0-MAC","archived":false,"released":true,"startDate":"2014-12-15","releaseDate":"2016-03-01","userStartDate":"15/12/14","userReleaseDate":"01/03/16","projectId":12656},{"self":"https://jira.oodrive.net/rest/api/2/version/18672","id":"18672","description":"Release 2: partage","name":"2.1.0-MAC","archived":false,"released":true,"startDate":"2016-01-04","releaseDate":"2016-05-11","userStartDate":"04/01/16","userReleaseDate":"11/05/16","projectId":12656},{"self":"https://jira.oodrive.net/rest/api/2/version/18814","id":"18814","description":"Release3: Partage collaborative","name":"2.2.0-MAC","archived":false,"released":true,"startDate":"2016-03-16","releaseDate":"2016-07-07","userStartDate":"16/03/16","userReleaseDate":"07/07/16","projectId":12656},{"self":"https://jira.oodrive.net/rest/api/2/version/19034","id":"19034","description":"Fix : url du serveur","name":"2.1.1","archived":false,"released":true,"startDate":"2016-05-25","releaseDate":"2016-05-25","userStartDate":"25/05/16","userReleaseDate":"25/05/16","projectId":12656},{"self":"https://jira.oodrive.net/rest/api/2/version/19062","id":"19062","name":"2.3.0","archived":false,"released":true,"startDate":"2016-06-15","releaseDate":"2016-08-01","userStartDate":"15/06/16","userReleaseDate":"01/08/16","projectId":12656},{"self":"https://jira.oodrive.net/rest/api/2/version/19063","id":"19063","name":"2.3.0-MAC","archived":false,"released":true,"startDate":"2016-06-15","releaseDate":"2016-08-01","userStartDate":"15/06/16","userReleaseDate":"01/08/16","projectId":12656},{"self":"https://jira.oodrive.net/rest/api/2/version/19100","id":"19100","name":"2.4.0","archived":false,"released":true,"startDate":"2016-08-01","releaseDate":"2016-10-06","userStartDate":"01/08/16","userReleaseDate":"06/10/16","projectId":12656},{"self":"https://jira.oodrive.net/rest/api/2/version/19101","id":"19101","name":"2.4.0-MAC","archived":false,"released":true,"startDate":"2016-08-01","releaseDate":"2016-10-06","userStartDate":"01/08/16","userReleaseDate":"06/10/16","projectId":12656},{"self":"https://jira.oodrive.net/rest/api/2/version/19628","id":"19628","description":"Lock","name":"2.5.0","archived":false,"released":true,"startDate":"2016-09-15","releaseDate":"2016-12-01","userStartDate":"15/09/16","userReleaseDate":"01/12/16","projectId":12656},{"self":"https://jira.oodrive.net/rest/api/2/version/19629","id":"19629","description":"Lock","name":"2.5.0-MAC","archived":false,"released":true,"startDate":"2016-09-15","releaseDate":"2016-12-01","userStartDate":"15/09/16","userReleaseDate":"01/12/16","projectId":12656},{"self":"https://jira.oodrive.net/rest/api/2/version/19820","id":"19820","description":"Intégration oAuth2","name":"2.6.0","archived":false,"released":true,"startDate":"2016-10-13","releaseDate":"2017-01-05","userStartDate":"13/10/16","userReleaseDate":"05/01/17","projectId":12656},{"self":"https://jira.oodrive.net/rest/api/2/version/19821","id":"19821","description":"Intégration oAuth2","name":"2.6.0-MAC","archived":false,"released":true,"startDate":"2016-10-13","releaseDate":"2017-01-05","userStartDate":"13/10/16","userReleaseDate":"05/01/17","projectId":12656},{"self":"https://jira.oodrive.net/rest/api/2/version/20139","id":"20139","description":"Inno setup","name":"2.7.0","archived":false,"released":true,"startDate":"2016-11-30","releaseDate":"2017-03-16","userStartDate":"30/11/16","userReleaseDate":"16/03/17","projectId":12656},{"self":"https://jira.oodrive.net/rest/api/2/version/20140","id":"20140","name":"2.7.0-MAC","archived":false,"released":true,"startDate":"2016-11-30","releaseDate":"2017-03-16","userStartDate":"30/11/16","userReleaseDate":"16/03/17","projectId":12656},{"self":"https://jira.oodrive.net/rest/api/2/version/20352","id":"20352","description":"Nouveau statut de warning","name":"2.8.0","archived":false,"released":true,"startDate":"2017-01-16","releaseDate":"2017-05-29","userStartDate":"16/01/17","userReleaseDate":"29/05/17","projectId":12656},{"self":"https://jira.oodrive.net/rest/api/2/version/20353","id":"20353","description":"Nouveau statut de warning","name":"2.8.0-MAC","archived":false,"released":true,"startDate":"2017-01-16","releaseDate":"2017-05-29","userStartDate":"16/01/17","userReleaseDate":"29/05/17","projectId":12656},{"self":"https://jira.oodrive.net/rest/api/2/version/20667","id":"20667","name":"2.9.0","archived":false,"released":false,"startDate":"2017-04-10","userStartDate":"10/04/17","projectId":12656},{"self":"https://jira.oodrive.net/rest/api/2/version/20668","id":"20668","name":"2.9.0-MAC","archived":false,"released":false,"startDate":"2017-04-10","userStartDate":"10/04/17","projectId":12656},{"self":"https://jira.oodrive.net/rest/api/2/version/20742","id":"20742","name":"2.10.0","archived":false,"released":false,"startDate":"2017-05-26","userStartDate":"26/05/17","projectId":12656},{"self":"https://jira.oodrive.net/rest/api/2/version/20743","id":"20743","name":"2.10.0-MAC","archived":false,"released":false,"startDate":"2017-05-26","userStartDate":"26/05/17","projectId":12656}]