[{"self":"https://jira.oodrive.net/rest/api/2/version/18774","id":"18774","description":"Outil de transfert","name":"1.0.0","archived":false,"released":true,"startDate":"2016-02-01","releaseDate":"2016-07-07","userStartDate":"01/02/16","userReleaseDate":"07/07/16","projectId":13452},{"self":"https://jira.oodrive.net/rest/api/2/version/19061","id":"19061","name":"1.1.0","archived":false,"released":true,"startDate":"2016-06-15","releaseDate":"2016-08-01","userStartDate":"15/06/16","userReleaseDate":"01/08/16","projectId":13452},{"self":"https://jira.oodrive.net/rest/api/2/version/19098","id":"19098","name":"1.2.0","archived":false,"released":true,"startDate":"2016-08-01","releaseDate":"2016-10-06","userStartDate":"01/08/16","userReleaseDate":"06/10/16","projectId":13452},{"self":"https://jira.oodrive.net/rest/api/2/version/19643","id":"19643","description":"Edition office","name":"1.3.0","archived":false,"released":true,"startDate":"2016-08-01","releaseDate":"2017-01-05","userStartDate":"01/08/16","userReleaseDate":"05/01/17","projectId":13452},{"self":"https://jira.oodrive.net/rest/api/2/version/20233","id":"20233","name":"1.4.0","archived":false,"released":true,"startDate":"2016-12-15","releaseDate":"2017-02-06","userStartDate":"15/12/16","userReleaseDate":"06/02/17","projectId":13452},{"self":"https://jira.oodrive.net/rest/api/2/version/20351","id":"20351","name":"1.5.0","archived":false,"released":true,"startDate":"2017-01-16","releaseDate":"2017-03-16","userStartDate":"16/01/17","userReleaseDate":"16/03/17","projectId":13452},{"self":"https://jira.oodrive.net/rest/api/2/version/20528","id":"20528","name":"1.6.0","archived":false,"released":true,"startDate":"2017-02-24","releaseDate":"2017-05-29","userStartDate":"24/02/17","userReleaseDate":"29/05/17","projectId":13452},{"self":"https://jira.oodrive.net/rest/api/2/version/20666","id":"20666","name":"1.7.0","archived":false,"released":false,"startDate":"2017-04-10","userStartDate":"10/04/17","projectId":13452},{"self":"https://jira.oodrive.net/rest/api/2/version/20741","id":"20741","name":"1.8.0","archived":false,"released":false,"startDate":"2017-05-26","userStartDate":"26/05/17","projectId":13452}]