[{"self":"https://jira.oodrive.net/rest/api/2/version/18624","id":"18624","name":"0.0.5","archived":false,"released":true,"startDate":"2015-10-20","releaseDate":"2016-01-29","userStartDate":"20/10/15","userReleaseDate":"29/01/16","projectId":13756},{"self":"https://jira.oodrive.net/rest/api/2/version/18625","id":"18625","name":"0.0.6","archived":false,"released":true,"startDate":"2015-11-18","releaseDate":"2016-02-17","userStartDate":"18/11/15","userReleaseDate":"17/02/16","projectId":13756},{"self":"https://jira.oodrive.net/rest/api/2/version/18636","id":"18636","name":"0.0.5.1","archived":false,"released":true,"startDate":"2016-01-25","releaseDate":"2016-01-29","userStartDate":"25/01/16","userReleaseDate":"29/01/16","projectId":13756},{"self":"https://jira.oodrive.net/rest/api/2/version/18662","id":"18662","name":"0.0.7","archived":false,"released":true,"startDate":"2016-02-15","releaseDate":"2016-03-31","userStartDate":"15/02/16","userReleaseDate":"31/03/16","projectId":13756},{"self":"https://jira.oodrive.net/rest/api/2/version/18756","id":"18756","name":"0.0.8","archived":false,"released":true,"startDate":"2016-03-08","releaseDate":"2016-04-29","userStartDate":"08/03/16","userReleaseDate":"29/04/16","projectId":13756},{"self":"https://jira.oodrive.net/rest/api/2/version/18948","id":"18948","name":"0.0.9","archived":false,"released":true,"startDate":"2016-04-13","releaseDate":"2016-06-02","userStartDate":"13/04/16","userReleaseDate":"02/06/16","projectId":13756},{"self":"https://jira.oodrive.net/rest/api/2/version/19024","id":"19024","name":"0.0.10","archived":false,"released":true,"startDate":"2016-05-18","releaseDate":"2016-05-30","userStartDate":"18/05/16","userReleaseDate":"30/05/16","projectId":13756},{"self":"https://jira.oodrive.net/rest/api/2/version/19048","id":"19048","name":"0.0.11","archived":false,"released":true,"releaseDate":"2016-06-28","userReleaseDate":"28/06/16","projectId":13756},{"self":"https://jira.oodrive.net/rest/api/2/version/19079","id":"19079","name":"0.1.0","archived":false,"released":true,"startDate":"2016-07-18","releaseDate":"2016-09-28","userStartDate":"18/07/16","userReleaseDate":"28/09/16","projectId":13756},{"self":"https://jira.oodrive.net/rest/api/2/version/19121","id":"19121","name":"0.2.0","archived":false,"released":true,"startDate":"2016-08-18","releaseDate":"2017-01-03","userStartDate":"18/08/16","userReleaseDate":"03/01/17","projectId":13756},{"self":"https://jira.oodrive.net/rest/api/2/version/19623","id":"19623","name":"1.0.0","archived":false,"released":true,"startDate":"2016-09-16","releaseDate":"2017-01-03","userStartDate":"16/09/16","userReleaseDate":"03/01/17","projectId":13756},{"self":"https://jira.oodrive.net/rest/api/2/version/19626","id":"19626","name":"0.2.0-maintenance","archived":false,"released":true,"releaseDate":"2017-01-03","userReleaseDate":"03/01/17","projectId":13756},{"self":"https://jira.oodrive.net/rest/api/2/version/20022","id":"20022","name":"1.1.0","archived":false,"released":true,"startDate":"2016-10-31","releaseDate":"2016-12-22","userStartDate":"31/10/16","userReleaseDate":"22/12/16","projectId":13756},{"self":"https://jira.oodrive.net/rest/api/2/version/20147","id":"20147","name":"1.1-maintenance","archived":false,"released":true,"releaseDate":"2017-01-10","userReleaseDate":"10/01/17","projectId":13756},{"self":"https://jira.oodrive.net/rest/api/2/version/20342","id":"20342","name":"1.3.0","archived":false,"released":true,"releaseDate":"2017-03-16","userReleaseDate":"16/03/17","projectId":13756},{"self":"https://jira.oodrive.net/rest/api/2/version/20431","id":"20431","name":"1.4.0","archived":false,"released":false,"startDate":"2017-02-17","releaseDate":"2017-03-28","overdue":true,"userStartDate":"17/02/17","userReleaseDate":"28/03/17","projectId":13756},{"self":"https://jira.oodrive.net/rest/api/2/version/20591","id":"20591","name":"1.5.0","archived":false,"released":false,"startDate":"2017-03-08","userStartDate":"08/03/17","projectId":13756},{"self":"https://jira.oodrive.net/rest/api/2/version/20598","id":"20598","name":"1.4-maintenance","archived":false,"released":false,"projectId":13756},{"self":"https://jira.oodrive.net/rest/api/2/version/20780","id":"20780","name":"1.6.0","archived":false,"released":false,"projectId":13756}]