[{"self":"https://jira.oodrive.net/rest/api/2/version/18629","id":"18629","name":"5.0.0.0","archived":false,"released":true,"startDate":"2016-01-27","releaseDate":"2016-05-30","userStartDate":"27/01/16","userReleaseDate":"30/05/16","projectId":13757},{"self":"https://jira.oodrive.net/rest/api/2/version/18630","id":"18630","description":"Boardnox V5","name":"5","archived":false,"released":false,"startDate":"2016-01-28","userStartDate":"28/01/16","projectId":13757},{"self":"https://jira.oodrive.net/rest/api/2/version/18631","id":"18631","name":"2.20.3.0","archived":false,"released":true,"projectId":13757},{"self":"https://jira.oodrive.net/rest/api/2/version/18924","id":"18924","name":"5.0.1.0","archived":false,"released":true,"startDate":"2016-03-25","releaseDate":"2016-05-30","userStartDate":"25/03/16","userReleaseDate":"30/05/16","projectId":13757},{"self":"https://jira.oodrive.net/rest/api/2/version/18957","id":"18957","name":"5.1.0","archived":false,"released":true,"startDate":"2016-04-13","releaseDate":"2016-07-04","userStartDate":"13/04/16","userReleaseDate":"04/07/16","projectId":13757},{"self":"https://jira.oodrive.net/rest/api/2/version/19044","id":"19044","name":"5.2.0","archived":false,"released":true,"startDate":"2016-06-13","releaseDate":"2016-07-28","userStartDate":"13/06/16","userReleaseDate":"28/07/16","projectId":13757},{"self":"https://jira.oodrive.net/rest/api/2/version/19078","id":"19078","name":"5.3.0","archived":false,"released":true,"startDate":"2016-07-11","releaseDate":"2016-09-15","userStartDate":"11/07/16","userReleaseDate":"15/09/16","projectId":13757},{"self":"https://jira.oodrive.net/rest/api/2/version/19125","id":"19125","name":"5.4.0","archived":false,"released":true,"startDate":"2016-08-17","releaseDate":"2016-09-15","userStartDate":"17/08/16","userReleaseDate":"15/09/16","projectId":13757},{"self":"https://jira.oodrive.net/rest/api/2/version/19640","id":"19640","name":"5.5.0","archived":false,"released":true,"startDate":"2016-09-20","releaseDate":"2016-11-22","userStartDate":"20/09/16","userReleaseDate":"22/11/16","projectId":13757},{"self":"https://jira.oodrive.net/rest/api/2/version/20130","id":"20130","name":"5.6.0","archived":false,"released":true,"startDate":"2016-11-12","userStartDate":"12/11/16","projectId":13757},{"self":"https://jira.oodrive.net/rest/api/2/version/20246","id":"20246","name":"5.7.0","archived":false,"released":true,"startDate":"2016-12-19","releaseDate":"2017-02-15","userStartDate":"19/12/16","userReleaseDate":"15/02/17","projectId":13757},{"self":"https://jira.oodrive.net/rest/api/2/version/20340","id":"20340","name":"5.6.1","archived":false,"released":true,"startDate":"2017-01-13","releaseDate":"2017-02-13","userStartDate":"13/01/17","userReleaseDate":"13/02/17","projectId":13757},{"self":"https://jira.oodrive.net/rest/api/2/version/20423","id":"20423","name":"5.8.0","archived":false,"released":false,"startDate":"2017-02-15","userStartDate":"15/02/17","projectId":13757},{"self":"https://jira.oodrive.net/rest/api/2/version/20524","id":"20524","name":"5.7.1","archived":false,"released":false,"startDate":"2017-02-22","userStartDate":"22/02/17","projectId":13757},{"self":"https://jira.oodrive.net/rest/api/2/version/20593","id":"20593","name":"5.9.0","archived":false,"released":false,"startDate":"2017-03-07","releaseDate":"2017-04-19","overdue":true,"userStartDate":"07/03/17","userReleaseDate":"19/04/17","projectId":13757},{"self":"https://jira.oodrive.net/rest/api/2/version/20687","id":"20687","name":"5.10.0","archived":false,"released":false,"projectId":13757}]