[{"self":"https://jira.oodrive.net/rest/api/2/version/18580","id":"18580","description":"Toutes les tâches pour la 4.18","name":"4.18.0.0","archived":false,"released":true,"releaseDate":"2014-12-10","userReleaseDate":"10/12/14","projectId":13765},{"self":"https://jira.oodrive.net/rest/api/2/version/18584","id":"18584","description":"Toutes les tâches pour la 4.19","name":"4.19.0.0","archived":false,"released":true,"releaseDate":"2016-10-16","userReleaseDate":"16/10/16","projectId":13765},{"self":"https://jira.oodrive.net/rest/api/2/version/18585","id":"18585","name":"4.20.0.0","archived":false,"released":true,"releaseDate":"2015-11-02","userReleaseDate":"02/11/15","projectId":13765},{"self":"https://jira.oodrive.net/rest/api/2/version/18586","id":"18586","name":"4.20.1.0","archived":false,"released":true,"releaseDate":"2015-12-18","userReleaseDate":"18/12/15","projectId":13765},{"self":"https://jira.oodrive.net/rest/api/2/version/18587","id":"18587","name":"4.20.2.0","archived":false,"released":true,"releaseDate":"2016-01-13","userReleaseDate":"13/01/16","projectId":13765},{"self":"https://jira.oodrive.net/rest/api/2/version/18588","id":"18588","name":"4.20.3.0","archived":false,"released":true,"releaseDate":"2016-04-12","userReleaseDate":"12/04/16","projectId":13765},{"self":"https://jira.oodrive.net/rest/api/2/version/18627","id":"18627","description":"Boardnox V2","name":"4","archived":false,"released":true,"startDate":"2016-09-14","releaseDate":"2016-11-22","userStartDate":"14/09/16","userReleaseDate":"22/11/16","projectId":13765},{"self":"https://jira.oodrive.net/rest/api/2/version/18590","id":"18590","description":"Boardnox V3","name":"5","archived":false,"released":false,"startDate":"2016-01-28","userStartDate":"28/01/16","projectId":13765},{"self":"https://jira.oodrive.net/rest/api/2/version/18589","id":"18589","description":"Enregistrer sous","name":"5.0.0.0","archived":false,"released":true,"startDate":"2016-01-27","releaseDate":"2016-05-30","userStartDate":"27/01/16","userReleaseDate":"30/05/16","projectId":13765},{"self":"https://jira.oodrive.net/rest/api/2/version/18827","id":"18827","description":"Droit de visualisation des contacts","name":"5.0.1.0","archived":false,"released":true,"startDate":"2016-03-25","releaseDate":"2016-05-30","userStartDate":"25/03/16","userReleaseDate":"30/05/16","projectId":13765},{"self":"https://jira.oodrive.net/rest/api/2/version/18956","id":"18956","description":"Modification d'une réunion en cours","name":"5.1.0","archived":false,"released":true,"startDate":"2016-04-13","releaseDate":"2016-07-04","userStartDate":"13/04/16","userReleaseDate":"04/07/16","projectId":13765},{"self":"https://jira.oodrive.net/rest/api/2/version/19042","id":"19042","description":"Reorder des sujets","name":"5.2.0","archived":false,"released":true,"startDate":"2016-06-13","releaseDate":"2016-07-28","userStartDate":"13/06/16","userReleaseDate":"28/07/16","projectId":13765},{"self":"https://jira.oodrive.net/rest/api/2/version/19089","id":"19089","description":"Modification d'un vote en cours / SMS Vocal","name":"5.3.0","archived":false,"released":true,"startDate":"2016-07-11","releaseDate":"2016-09-15","userStartDate":"11/07/16","userReleaseDate":"15/09/16","projectId":13765},{"self":"https://jira.oodrive.net/rest/api/2/version/19127","id":"19127","description":"Autoriser la modification d'une réunion terminée","name":"5.4.0","archived":false,"released":true,"startDate":"2016-08-16","releaseDate":"2016-09-15","userStartDate":"16/08/16","userReleaseDate":"15/09/16","projectId":13765},{"self":"https://jira.oodrive.net/rest/api/2/version/19624","id":"19624","description":"Préparatifs DashBoard Lot 2","name":"5.5.0","archived":false,"released":true,"startDate":"2016-09-14","releaseDate":"2016-11-22","userStartDate":"14/09/16","userReleaseDate":"22/11/16","projectId":13765},{"self":"https://jira.oodrive.net/rest/api/2/version/20039","id":"20039","description":"Lot 1 DashBoard","name":"5.4.1","archived":false,"released":true,"startDate":"2016-10-26","releaseDate":"2016-11-03","userStartDate":"26/10/16","userReleaseDate":"03/11/16","projectId":13765},{"self":"https://jira.oodrive.net/rest/api/2/version/20123","id":"20123","description":"Fix BoardBook & Liquibases","name":"5.5.1","archived":false,"released":true,"startDate":"2016-11-18","releaseDate":"2016-11-23","userStartDate":"18/11/16","userReleaseDate":"23/11/16","projectId":13765},{"self":"https://jira.oodrive.net/rest/api/2/version/19721","id":"19721","description":"Lot 2 DashBoard","name":"5.6.0","archived":false,"released":false,"startDate":"2016-10-12","userStartDate":"12/10/16","projectId":13765},{"self":"https://jira.oodrive.net/rest/api/2/version/20131","id":"20131","description":"BoardBook","name":"0.0.8","archived":false,"released":false,"startDate":"2016-11-18","userStartDate":"18/11/16","projectId":13765},{"self":"https://jira.oodrive.net/rest/api/2/version/20237","id":"20237","description":"Intégration Heimdall / Publier réunion dans le passé","name":"5.7.0","archived":false,"released":true,"startDate":"2016-12-21","releaseDate":"2017-02-15","userStartDate":"21/12/16","userReleaseDate":"15/02/17","projectId":13765},{"self":"https://jira.oodrive.net/rest/api/2/version/20341","id":"20341","description":"Publication d'une réunion dans le passé","name":"5.6.1","archived":false,"released":true,"startDate":"2017-01-13","releaseDate":"2017-02-13","userStartDate":"13/01/17","userReleaseDate":"13/02/17","projectId":13765},{"self":"https://jira.oodrive.net/rest/api/2/version/20438","id":"20438","description":"Bug fixs","name":"5.7.1","archived":false,"released":false,"startDate":"2017-02-14","releaseDate":"2017-02-28","overdue":true,"userStartDate":"14/02/17","userReleaseDate":"28/02/17","projectId":13765},{"self":"https://jira.oodrive.net/rest/api/2/version/20532","id":"20532","name":"3.0.0_ios","archived":false,"released":false,"startDate":"2017-01-18","releaseDate":"2017-06-29","overdue":false,"userStartDate":"18/01/17","userReleaseDate":"29/06/17","projectId":13765},{"self":"https://jira.oodrive.net/rest/api/2/version/20430","id":"20430","description":"Droits par Fichiers","name":"5.8.0","archived":false,"released":false,"startDate":"2017-02-15","userStartDate":"15/02/17","projectId":13765},{"self":"https://jira.oodrive.net/rest/api/2/version/20594","id":"20594","description":"Lien iExtranet","name":"5.9.0","archived":false,"released":false,"startDate":"2017-03-15","userStartDate":"15/03/17","projectId":13765},{"self":"https://jira.oodrive.net/rest/api/2/version/20672","id":"20672","description":"Release 2 Annotation","name":"Annot_R2","archived":false,"released":false,"projectId":13765},{"self":"https://jira.oodrive.net/rest/api/2/version/20673","id":"20673","description":"Release 3 Annotation","name":"Annot_R3","archived":false,"released":false,"projectId":13765},{"self":"https://jira.oodrive.net/rest/api/2/version/20674","id":"20674","description":"Release 4 Annotation","name":"Annot_R4","archived":false,"released":false,"projectId":13765},{"self":"https://jira.oodrive.net/rest/api/2/version/20796","id":"20796","description":"PreRelease Annotations","name":"5.10.0","archived":false,"released":false,"startDate":"2017-06-07","userStartDate":"07/06/17","projectId":13765},{"self":"https://jira.oodrive.net/rest/api/2/version/20797","id":"20797","description":"Release Juin","name":"6.0.0","archived":false,"released":false,"projectId":13765},{"self":"https://jira.oodrive.net/rest/api/2/version/20815","id":"20815","name":"and_1.6.0","archived":false,"released":false,"projectId":13765},{"self":"https://jira.oodrive.net/rest/api/2/version/20823","id":"20823","description":"BoardNox Android v1.5.0 et inférieur","name":"and_1.5.0","archived":false,"released":true,"releaseDate":"2017-01-30","userReleaseDate":"30/01/17","projectId":13765}]